-- Insert Java version history languages
INSERT INTO languages (id, name, release_date, website, code_snippet, description) VALUES
('java-1-0', 'JDK 1.0', '1996-01-23', 'https://en.wikipedia.org/wiki/Java_version_history', '', '~'),
('java-1-1', 'JDK 1.1', '1997-02-19', 'https://en.wikipedia.org/wiki/Java_version_history', '', '~'),
('java-1-2', 'J2SE 1.2', '1998-12-04', 'https://en.wikipedia.org/wiki/Java_version_history', '', '~'),
('java-1-3', 'J2SE 1.3', '2000-05-08', 'https://en.wikipedia.org/wiki/Java_version_history', '', '~'),
('java-1-4', 'J2SE 1.4', '2002-02-13', 'https://en.wikipedia.org/wiki/Java_version_history', '', '~'),
('java-5', 'J2SE 5.0 (1.5)', '2004-09-30', 'https://en.wikipedia.org/wiki/Java_version_history', '', '~'),
('java-6', 'Java SE 6 (1.6)', '2006-12-11', 'https://en.wikipedia.org/wiki/Java_version_history', '', '~'),
('java-7', 'Java SE 7 (1.7)', '2011-07-28', 'https://en.wikipedia.org/wiki/Java_version_history', '', '~'),
('java-8', 'Java SE 8 (1.8)', '2014-03-18', 'https://en.wikipedia.org/wiki/Java_version_history', '', '~'),
('java-9', 'Java SE 9', '2017-09-21', 'https://en.wikipedia.org/wiki/Java_version_history', '', '~'),
('java-10', 'Java SE 10', '2018-03-20', 'https://en.wikipedia.org/wiki/Java_version_history', '', '~'),
('java-11', 'Java SE 11', '2018-09-25', 'https://en.wikipedia.org/wiki/Java_version_history', '', '~'),
('java-12', 'Java SE 12', '2019-03-19', 'https://en.wikipedia.org/wiki/Java_version_history', '', '~'),
('java-13', 'Java SE 13', '2019-09-17', 'https://en.wikipedia.org/wiki/Java_version_history', '', '~'),
('java-14', 'Java SE 14', '2020-03-17', 'https://en.wikipedia.org/wiki/Java_version_history', '', '~'),
('java-15', 'Java SE 15', '2020-09-16', 'https://en.wikipedia.org/wiki/Java_version_history', '', '~'),
('java-16', 'Java SE 16', '2021-03-16', 'https://en.wikipedia.org/wiki/Java_version_history', '', '~'),
('java-17', 'Java SE 17', '2021-09-14', 'https://en.wikipedia.org/wiki/Java_version_history', '', '~'),
('java-18', 'Java SE 18', '2022-03-22', 'https://en.wikipedia.org/wiki/Java_version_history', '', '~'),
('java-19', 'Java SE 19', '2022-09-20', 'https://en.wikipedia.org/wiki/Java_version_history', '', '~'),
('java-20', 'Java SE 20', '2023-03-21', 'https://en.wikipedia.org/wiki/Java_version_history', '', '~'),
('java-21', 'Java SE 21', '2023-09-19', 'https://en.wikipedia.org/wiki/Java_version_history', '', '~'),
('java-22', 'Java SE 22', '2024-03-19', 'https://en.wikipedia.org/wiki/Java_version_history', '', '~'),
('java-23', 'Java SE 23', '2024-09-17', 'https://en.wikipedia.org/wiki/Java_version_history', '', '~'),
('java-24', 'Java SE 24', '2025-03-18', 'https://en.wikipedia.org/wiki/Java_version_history', '', '~'),
('java-25', 'Java SE 25', '2025-09-16', 'https://en.wikipedia.org/wiki/Java_version_history', '', '~'),
('java-26', 'Java SE 26', '2026-03-17', 'https://en.wikipedia.org/wiki/Java_version_history', '', '~');

-- Link to Object-Oriented paradigm for color grouping consistency
INSERT INTO language_paradigm (language_id, paradigm_id) VALUES
('java-1-0', (SELECT id FROM paradigms WHERE name = 'Object-Oriented')),
('java-1-1', (SELECT id FROM paradigms WHERE name = 'Object-Oriented')),
('java-1-2', (SELECT id FROM paradigms WHERE name = 'Object-Oriented')),
('java-1-3', (SELECT id FROM paradigms WHERE name = 'Object-Oriented')),
('java-1-4', (SELECT id FROM paradigms WHERE name = 'Object-Oriented')),
('java-5', (SELECT id FROM paradigms WHERE name = 'Object-Oriented')),
('java-6', (SELECT id FROM paradigms WHERE name = 'Object-Oriented')),
('java-7', (SELECT id FROM paradigms WHERE name = 'Object-Oriented')),
('java-8', (SELECT id FROM paradigms WHERE name = 'Object-Oriented')),
('java-9', (SELECT id FROM paradigms WHERE name = 'Object-Oriented')),
('java-10', (SELECT id FROM paradigms WHERE name = 'Object-Oriented')),
('java-11', (SELECT id FROM paradigms WHERE name = 'Object-Oriented')),
('java-12', (SELECT id FROM paradigms WHERE name = 'Object-Oriented')),
('java-13', (SELECT id FROM paradigms WHERE name = 'Object-Oriented')),
('java-14', (SELECT id FROM paradigms WHERE name = 'Object-Oriented')),
('java-15', (SELECT id FROM paradigms WHERE name = 'Object-Oriented')),
('java-16', (SELECT id FROM paradigms WHERE name = 'Object-Oriented')),
('java-17', (SELECT id FROM paradigms WHERE name = 'Object-Oriented')),
('java-18', (SELECT id FROM paradigms WHERE name = 'Object-Oriented')),
('java-19', (SELECT id FROM paradigms WHERE name = 'Object-Oriented')),
('java-20', (SELECT id FROM paradigms WHERE name = 'Object-Oriented')),
('java-21', (SELECT id FROM paradigms WHERE name = 'Object-Oriented')),
('java-22', (SELECT id FROM paradigms WHERE name = 'Object-Oriented')),
('java-23', (SELECT id FROM paradigms WHERE name = 'Object-Oriented')),
('java-24', (SELECT id FROM paradigms WHERE name = 'Object-Oriented')),
('java-25', (SELECT id FROM paradigms WHERE name = 'Object-Oriented')),
('java-26', (SELECT id FROM paradigms WHERE name = 'Object-Oriented'));

-- Insert version sequence relationships (influenced by preceding version)
INSERT INTO connections (source_id, target_id, connection_type) VALUES
('java', 'java-1-0', 'INFLUENCED_BY'),
('java-1-0', 'java-1-1', 'INFLUENCED_BY'),
('java-1-1', 'java-1-2', 'INFLUENCED_BY'),
('java-1-2', 'java-1-3', 'INFLUENCED_BY'),
('java-1-3', 'java-1-4', 'INFLUENCED_BY'),
('java-1-4', 'java-5', 'INFLUENCED_BY'),
('java-5', 'java-6', 'INFLUENCED_BY'),
('java-6', 'java-7', 'INFLUENCED_BY'),
('java-7', 'java-8', 'INFLUENCED_BY'),
('java-8', 'java-9', 'INFLUENCED_BY'),
('java-9', 'java-10', 'INFLUENCED_BY'),
('java-10', 'java-11', 'INFLUENCED_BY'),
('java-11', 'java-12', 'INFLUENCED_BY'),
('java-12', 'java-13', 'INFLUENCED_BY'),
('java-13', 'java-14', 'INFLUENCED_BY'),
('java-14', 'java-15', 'INFLUENCED_BY'),
('java-15', 'java-16', 'INFLUENCED_BY'),
('java-16', 'java-17', 'INFLUENCED_BY'),
('java-17', 'java-18', 'INFLUENCED_BY'),
('java-18', 'java-19', 'INFLUENCED_BY'),
('java-19', 'java-20', 'INFLUENCED_BY'),
('java-20', 'java-21', 'INFLUENCED_BY'),
('java-21', 'java-22', 'INFLUENCED_BY'),
('java-22', 'java-23', 'INFLUENCED_BY'),
('java-23', 'java-24', 'INFLUENCED_BY'),
('java-24', 'java-25', 'INFLUENCED_BY'),
('java-25', 'java-26', 'INFLUENCED_BY');
